sequence,length,label
AAAAAGGGEGEG,12,1
AAAAG,5,1
AAAFEGKW,8,1
AAAPVAVAK,9,1
AADNANELFPPN,12,1
AAGAAAAARSAGQCGR,16,1
AAPFPGQKSLQR,12,1
AAS,3,1
AAVGGYRVAVL,11,1
AAVKKMYDIQAKK,13,1
ACA,3,1
ACFL,4,1
ACGNLPRMC,9,1
ACGSDGK,7,1
ACNLPRMC,8,1
ACQ,3,1
ACSNHSPLGWRGH,13,1
ADASVLPK,8,1
ADF,3,1
ADGF,4,1
ADHP,4,1
ADVFNPR,7,1
AEDKKLIQ,8,1
AEEEYPDL,8,1
AEERYP,6,1
AEFAES,6,1
AEHNH,5,1
AEK,3,1
AELQVVDHLGQTV,13,1
AEM,3,1
AEP,3,1
AEYVRLY,7,1
AFDEGPWPK,9,1
AGAPDERGPGPAAR,14,1
AGCGCEAMFAGA,12,1
AGDDAPR,7,1
AGEQGFEYVTFR,12,1
AGFAGDDAPR,10,1
AGGF,4,1
AGGGGGGGGGGGKNL,15,1
AGLAPY,6,1
AGLQFPVGR,9,1
AGNDGFEYVTLK,12,1
AGPSIVH,7,1
AGT,3,1
AGTGAGAGGGAGTKTSS,17,1
AGTTCLFTPLALPYDYSH,18,1
AGWACLVG,8,1
AGWNI,5,1
AGWNIP,6,1
AGWNIPIGT,9,1
AH,2,1
AHH,3,1
AHK,3,1
AIAGAGVLSGYDQLQILFFGK,21,1
AIEWEGIESGSVEQA,15,1
AIGVGAIER,9,1
AIILHQ,6,1
AIILHQQ,7,1
AIILHQQQ,8,1
AIRQGDVF,8,1
AKAWGIPPHVIPQIVPVRIRPLCGNV,26,1
AKYIPIQYVLSRYPSY,16,1
ALA,3,1
ALE,3,1
ALEPDHR,7,1
ALGGA,5,1
ALI,3,1
ALK,3,1
ALN,3,1
ALP,3,1
ALPMHIR,7,1
ALPQYLKTVYQHQK,14,1
ALSAF,5,1
ALT,3,1
AMA,3,1
AMPVEVVQF,9,1
AMRLTGNRPCIGAT,14,1
AMRLTGNRPCIYAT,14,1
AMRLTGNRPCLGAT,14,1
AMRLTGNRPCLYAT,14,1
AMRLTGNRPGLYAT,14,1
AMRLTYNKPCLYGT,14,1
AMRLTYNRPCIYAT,14,1
AMRLTYNRPCLGAT,14,1
AMRLTYNRPGIYAT,14,1
AMRLTYNRPGLGAT,14,1
AMRLTYNRPGLYAT,14,1
AMTGLDA,7,1
AP,2,1
APAPAPAPAPAPAPEPKE,18,1
APFPEVFGKEKVNEL,15,1
APGAGVY,7,1
APGAPGPVG,9,1
APGFANAT,8,1
APGIIPR,7,1
APGPAGARGN,10,1
APIRMWYMYRKLTDMEPKPVA,21,1
APKGVQGPNG,10,1
APL,3,1
APLEEPSSPH,10,1
APSFSDIPNPIGSENSE,17,1
APSY,4,1
APYMM,5,1
AQA,3,1
AQIPQQ,6,1
AQK,3,1
AQQQEQAQQQEQ,12,1
AQS,3,1
AREGETVVPG,10,1
ARFEELCSDLFR,12,1
ARHPHP,6,1
ARHPHPHLSFM,11,1
ASD,3,1
ASDEQDSVRL,10,1
ASGLCPEEAVPRR,13,1
ASPAPAGLSY,10,1
ASPKPSSA,8,1
ATQVPLVSSTSEGYTASQPLYQP,23,1
ATVY,4,1
AVF,3,1
AVFPSIVGRPR,11,1
AVPYPQR,7,1
AVPYPQRDMIQAF,13,1
AVRSPAQILQWQ,12,1
AVYVYDVNNNANQ,13,1
AW,2,1
AWDPE,5,1
AWEEREQGSR,10,1
AWFS,4,1
AWIRGCRL,8,1
AY,2,1
AYFYPE,6,1
AYFYPEL,7,1
AYI,3,1
AYLQAQQLLPFNQLVRSPAA,20,1
AYPS,4,1
AYY,3,1
CAAP,4,1
CAGVSAIR,8,1
CAQ,3,1
CARLNCVPKGTSGNTETCPCYASLHSCRKYG,31,1
CCAGWAAWS,10,1
CCCCSVQK,8,1
CERPTCCEHS,10,1
CGA,3,1
CGFPGHC,7,1
CGN,3,1
CGWKY,5,1
CHI,3,1
CLL,3,1
CLV,3,1
CME,3,1
CMENSAEPEQSLACQCL,17,1
CMENSAEPEQSLVCQCL,17,1
CNW,3,1
CQC,3,1
CSGD,4,1
CSQAPLA,7,1
CTKKHKPNC,9,1
CTN,3,1
CVHWMTNTARTACIAP,16,1
CVPEVDPLLLRAE,13,1
CVVSSGWKWNYKIRCKLTGNC,21,1
CW,2,1
CYGPNR,6,1
CYY,3,1
DAHK,4,1
DAL,3,1
DAQ,3,1
DAQEFKR,7,1
DAQEKLE,7,1
DDDY,4,1
DDE,3,1
DDLPR,5,1
DDPDKGMLKWKNDFFQEF,18,1
DEA,3,1
DEAGPSIVHR,10,1
DEDTQAMP,8,1
DEQIPSHPPR,10,1
DFPGF,5,1
DFPGY,5,1
DFTPVCTTELGR,12,1
DGVVYY,6,1
DHG,3,1
DHH,3,1
DHHK,4,1
DHHQ,4,1
DHHQVYSPGEQ,11,1
DHNPQIR,7,1
DHPFLF,6,1
DHTKE,5,1
DHW,3,1
DIDDLELTLAK,11,1
DIPNPIGSENSGKTTMPLW,19,1
DIQ,3,1
DIS,3,1
DKA,3,1
DKIHPF,6,1
DKLDLSDLAHEY,12,1
DKTEIPTINTIASGEPT,17,1
DLADIPQQQRLMAGLALVVATVIFLK,26,1
DLDLRKDLYAN,11,1
DLE,3,1
DLEE,4,1
DLGLGLPGAH,10,1
DLGSTGGRGPSAGM,14,1
DLQGK,5,1
DLSDGEQGVL,10,1
DLTDFL,6,1
DLVKVEA,7,1
DNIPIVIR,8,1
DNLLN,5,1
DPALATEPDPMPF,13,1
DPAQPNYPWTAVLVFRH,17,1
DPPNPKNL,8,1
DQAKAFLEKDNK,12,1
DRVYIHPF,8,1
DRVYIHPFHL,10,1
DSAI,4,1
DSAIDLGD,8,1
DSGVT,5,1
DTD,3,1
DTETGVPT,8,1
DTGSDKKQL,9,1
DVCGRDVNGY,10,1
DVFNPR,6,1
DVFRELRVQ,9,1
DVPPYM,6,1
DW,2,1
DWDPK,5,1
DWMKGQ,6,1
DYDD,4,1
DYK,3,1
DYY,3,1
EAAVYPL,7,1
EAGPSIVHR,9,1
EAK,3,1
EAL,3,1
EALEAMFL,8,1
EAPLNPKA,8,1
EAVQ,4,1
ECA,3,1
EDDQMDPMAK,10,1
EDELQDKIHPF,11,1
EDEQKFWGK,9,1
EDIVCW,6,1
EDVPSER,7,1
EEEKNRLTKKTKLT,14,1
EEEQVGQGYETIRARL,16,1
EEKNPKATE,9,1
EEL,3,1
EELDNALN,8,1
EEQ,3,1
EERYP,5,1
EEYFPVGGDRPESF,14,1
EFFDVSNELFQ,11,1
EFFDVSNEQ,9,1
EFIQ,4,1
EFLQ,4,1
EFPAVP,6,1
EFQI,4,1
EFQL,4,1
EGCNILCLLKRKVKAVKNVVKNVVKSVVG,29,1
EGD,3,1
EGGDGGYGGGGGGSRW,16,1
EGGGGGYGGGGGGYGGR,17,1
EHGGPFH,7,1
EHH,3,1
EIL,3,1
EINTVQVTS,9,1
EIPT,4,1
EIVPN,5,1
EKDDTGTPITKIELVPSH,18,1
EKF,3,1
EKT,3,1
EL,2,1
ELIN,4,1
ELK,3,1
ELLI,4,1
ELQDKIHPF,9,1
ENG,3,1
ENK,3,1
ENLQNYRLL,9,1
ENS,3,1
EPDRY,5,1
EPE,3,1
EPVLGPVRGPFP,12,1
EPVLGPVRGPFPI,13,1
EQC,3,1
EQEEEESTGRMK,12,1
EQS,3,1
ERF,3,1
ESIINF,6,1
ESTAKQVIR,9,1
ESTLHLVLR,9,1
ESTVPERTHPACPDFN,16,1
ESYHLPR,7,1
ETKNDEASVEQIK,13,1
ETTL,4,1
ETW,3,1
EVD,3,1
EVPKA,5,1
EVR,3,1
EWLPN,5,1
EWPAQ,5,1
EYLARKGGVEVN,12,1
EYNNHGSFREAHPGA,15,1
EYW,3,1
EYY,3,1
FAGDDAPRR,9,1
FALPQYLK,8,1
FAPVPFDF,8,1
FC,2,1
FCM,3,1
FD,2,1
FDEQE,5,1
FDGEVK,6,1
FDGLPAKPAKKEETR,15,1
FDK,3,1
FDPFPK,6,1
FDRR,4,1
FDSGPAGVL,9,1
FDTADLPSGKGYL,13,1
FDWF,4,1
FDYDPR,6,1
FEPAVP,6,1
FEQI,4,1
FEQL,4,1
FFAPGRNPTSFS,12,1
FFGFN,5,1
FFGT,4,1
FFNPVH,6,1
FFRSKLLSDGAAAAKGALLPQYW,23,1
FFSLIPSLVGGLISAFK,17,1
FGER,4,1
FGERR,5,1
FGF,3,1
FGHPY,5,1
FHH,3,1
FHNMEK,6,1
FIARNFLLGW,10,1
FIGP,4,1
FIKK,4,1
FIMGPY,6,1
FIPGLRRLFATVVPTVVCAINKLPPG,26,1
FIW,3,1
FKGPACA,7,1
FKI,3,1
FKK,3,1
FL,2,1
FLDALLKTVDCN,12,1
FLHRP,5,1
FLKKISQRYQKF,12,1
FLKPLFNAALKLLP,14,1
FLLPH,5,1
FLNDFLHV,8,1
FLPE,4,1
FLPF,4,1
FLPFFAACAITRKC,14,1
FLPGLIKAAVGIGSTIFCKISKKC,24,1
FLPGLIKAAVGVGSTILCKITKKC,24,1
FLPGLIKVAVGVGSTILCKITKKC,24,1
FLPMLAGLAANFLPKIICKITKKC,24,1
FLPVLGKVIKLVGGLL,16,1
FLQEFLHV,8,1
FLQL,4,1
FLSGILKLAFKIPSVLCAVLKNC,23,1
FLTGLIGGLMKALGK,15,1
FMPLH,5,1
FND,3,1
FNP,3,1
FNQLAALNSAAYLQQQQLLPFSQLA,25,1
FNVVLK,6,1
FPGAGP,6,1
FPGGETEALRR,11,1
FPGLADR,7,1
FPKYPVEPF,9,1
FPLEMMPF,8,1
FPPWF,5,1
FPPWVL,6,1
FPQY,4,1
FPWLLS,6,1
FRADHPFL,8,1
FRDEHKK,7,1
FSDIPNPIGSE,11,1
FSDIPNPIGSEN,12,1
FSDIPNPIGSENSEKTTMPLW,21,1
FSDKIAK,7,1
FSEY,4,1
FSGGE,5,1
FSL,3,1
FSWF,4,1
FSWP,4,1
FVAGK,5,1
FVAPAGTINY,10,1
FVAPFPEV,8,1
FVDAQPQQKEEG,12,1
FVLPH,5,1
FVNQPYLLYSVHMK,14,1
FVPH,4,1
FVSACSVAG,9,1
FWG,3,1
FWIIE,5,1
FWKVV,5,1
FY,2,1
FYKA,4,1
FYPEL,5,1
FYQL,4,1
FYY,3,1
GA,2,1
GAA,3,1
GAGLPGsRER,10,1
GAH,3,1
GAHTGPRKPFKPR,13,1
GALAAH,6,1
GAPGPAGQVGAP,12,1
GAPKGCWTKSYPPQPCFGKK,20,1
GAQ,3,1
GASRHWYFL,9,1
GAWA,4,1
GC,2,1
GDL,3,1
GDLAYLDQGHR,11,1
GDMNP,5,1
GDRFQDQHQ,9,1
GEC,3,1
GEGFFEM,7,1
GEGSGA,6,1
GEPGPPGAP,9,1
GEPGPPGPPGPPGPPG,16,1
GEQQQQPGMTR,11,1
GEY,3,1
GFFKWHPRCGEEHSMWT,17,1
GFGPEL,6,1
GFGPGL,6,1
GFPSG,5,1
GFRGTIGLVG,10,1
GFVG,4,1
GFWDSVKEGLKNAAVTILNKIKCKISECPPA,31,1
GFYPPP,6,1
GGE,3,1
GGGAFSGKDPTKVDR,15,1
GGGGYGGGGGGYGGGGGGY,19,1
GGIF,4,1
GGLEPINFN,9,1
GGNYVGVP,8,1
GGRLDSGKQPPRQ,13,1
GGRP,4,1
GGTCVIRGCVPKKLM,15,1
GGVLPNINPVL,11,1
GGVPRSGEQEQQ,12,1
GHH,3,1
GIFE,4,1
GIISHR,6,1
GIWAPWPPRAGLC,13,1
GKDAVIV,7,1
GKGEGGGGLA,10,1
GKHQQEEENEGGSI,14,1
GKPVAVPA,8,1
GLAGA,5,1
GLD,3,1
GLDIQK,6,1
GLFSKKGGKGGKSWIKGVFKGIKGIGKEVGGDVIRTGIEIAACKIKGEC,49,1
GLISTIWNTASNVAGTLTDSVKCKFKKC,28,1
GLLDSVKEGLKKVAGQLLDTLKCKISGCTPA,31,1
GLLGKNFTSK,10,1
GLPGPIGPPGPR,12,1
GLPQEVLN,8,1
GLTSK,5,1
GLWNTIKEAGKKFALNLLDKIRCGIAGGCKG,31,1
GMPGFDVR,8,1
GNPIPREPGQVPAY,14,1
GNQEKVLELVQR,12,1
GNRGFACRHA,10,1
GP,2,1
GPAGDY,6,1
GPAGPTGARGAP,12,1
GPAGSPGFQGLPGPAG,16,1
GPE,3,1
GPGGFI,6,1
GPIVLNPWDQVKR,13,1
GPIYSNEFGKF,11,1
GPIYSNEFGKFF,12,1
GPLGLLGFLGPLGLS,15,1
GPP,3,1
GPPGPPGPP,9,1
GPPGPPGPPG,10,1
GPPGPPGPPGPPG,13,1
GPRGLPGERGRPGA,14,1
GPSGPPGPKGN,11,1
GPSSSPDIYNPEAGRIK,17,1
GPTGPAGP,8,1
GPVRGPFPII,10,1
GQFNDKRWIPFG,12,1
GQVPP,5,1
GQW,3,1
GSGGL,5,1
GSH,3,1
GSIFVPH,7,1
GSPGADGPIGAPG,13,1
GTFLQPHQ,8,1
GTIAGGGVIPH,11,1
GTPGLQGMPGER,12,1
GTQY,4,1
GTVFEKKALPGPM,13,1
GTW,3,1
GVPFW,5,1
GVPLT,5,1
GVPY,4,1
GVQEGAGHYALL,12,1
GVRGPFPII,9,1
GVSKVKEAMAPKH,13,1
GVSNAAVVAGGH,12,1
GW,2,1
GWANTLKNVAGGLCKITGAA,20,1
GWANTLKNVAGGLCKMTGAA,20,1
GWCYHCWKKG,10,1
GWNI,4,1
GWNIP,5,1
GWPHLEDNYLDW,12,1
GYLEQ,5,1
GYY,3,1
HAEIN,5,1
HAH,3,1
HANENIF,7,1
HC,2,1
HCTTFMI,7,1
HDH,3,1
HDHAERFSGHDNED,14,1
HDHPVC,6,1
HEH,3,1
HEKVC,5,1
HEQKEEHEWHRKEE,14,1
HFGDPFH,7,1
HFH,3,1
HGGEGGRPYHLGEES,15,1
HGPL,4,1
HGPLGPL,7,1
HH,2,1
HHF,3,1
HHH,3,1
HHLP,4,1
HHP,3,1
HHPL,4,1
HHPLL,5,1
HHQDPPW,7,1
HHW,3,1
HHY,3,1
HIAGKSSIFRA,11,1
HIH,3,1
HIQKEDVPSER,11,1
HIR,3,1
HK,2,1
HKEMPFPKYPVEPFTESQ,18,1
HKEMPFPKYPVQPF,14,1
HKEMQAIFDVYIMFIN,16,1
HKH,3,1
HL,2,1
HLH,3,1
HLHP,4,1
HLPH,4,1
HLPLP,5,1
HLPLPL,6,1
HLPLPLL,7,1
HLQDFGSEILPR,12,1
HMPVTK,6,1
HMWPG,5,1
HNAVDSQIAGKA,12,1
HNLDTQTESDV,11,1
HNPI,4,1
HPERPIPEH,9,1
HPH,3,1
HPHL,4,1
HPHPHLSF,8,1
HPIKHQGLPQ,10,1
HPLH,4,1
HPVPPKKK,8,1
HQIYPV,6,1
HQP,3,1
HQPPQPLPPTVMFPPQSVL,19,1
HQTSEFK,7,1
HRH,3,1
HTVQCMFQ,8,1
HVAGTVA,7,1
HVCYMF,6,1
HVH,3,1
HVIKPPSRA,9,1
HVRETALV,8,1
HWH,3,1
HYEG,4,1
HYH,3,1
HYVPV,5,1
HYY,3,1
IAAEVYEHTEGSTTSY,16,1
IAE,3,1
IANNEADAISLDGGQVFEAG,20,1
IAPNYNTRATKL,12,1
IAY,3,1
ICNIMC,6,1
IDA,3,1
IDDVLK,6,1
IDLAY,5,1
IDLGTTY,7,1
IEAEGE,6,1
IEEAF,5,1
IESPPEIN,8,1
IEWEGIESGSVEQA,14,1
IFVPH,5,1
IGFLIIWV,8,1
IGGIGTVPVGR,11,1
IGINAENNQRN,11,1
IGPSSSPDIYNPEAGRIK,18,1
IGRDPTWSHLAASCLKCIFDDLPKTHN,27,1
IGSLI,5,1
IHH,3,1
IHKAGGGGGGGGGGGK,16,1
IIA,3,1
IIAEK,5,1
IIAPPER,7,1
IIENGEKWS,9,1
IILHQQQ,7,1
IITQ,4,1
IKGTIAGGGVIPH,13,1
IKK,3,1
IKL,3,1
IKW,3,1
ILL,3,1
INNQFLPYPYYAKPA,15,1
INY,3,1
INYW,4,1
IPA,3,1
IPAGM,5,1
IPAGV,5,1
IPAVFK,6,1
IPIGP,5,1
IPIQY,5,1
IPIQYVL,7,1
IPNPIGSENSGKIT,14,1
IPP,3,1
IQK,3,1
IQPKTKVIPYVRYL,14,1
IQW,3,1
IQY,3,1
IQYVLSR,7,1
IR,2,1
IREADIDGDGQVN,13,1
IRGCRL,6,1
IRL,3,1
IRW,3,1
IRWWW,5,1
ISELGF,6,1
ISELGW,6,1
ISELGY,6,1
ISL,3,1
ISPRILSYNLR,11,1
ISQAVHAHAEINEAGR,16,1
ISW,3,1
ITFAAYRR,8,1
IVAGPQ,6,1
IVEYF,5,1
IVF,3,1
IVGGFPHYL,9,1
IVPK,4,1
IVQNNDSTEYG,11,1
IVT,3,1
IWCKDDQNPHSSNISCDKF,19,1
IY,2,1
IYIEQGNGITGM,12,1
IYLGQ,5,1
IYPF,4,1
IYVFVR,6,1
IYVVDLR,7,1
IYY,3,1
KAI,3,1
KAL,3,1
KALNEINQF,9,1
KAQYPYV,7,1
KAVPYPQ,7,1
KCHKP,5,1
KCL,3,1
KD,2,1
KDHCH,5,1
KDNEEAEAKPT,11,1
KDVPP,5,1
KEEKFE,6,1
KEFLLAGNNNRA,12,1
KELPPSDADW,10,1
KEMPFPKYPVE,11,1
KFD,3,1
KFFPS,5,1
KFPE,4,1
KGL,3,1
KGLWE,5,1
KGPPGEIGR,9,1
KHDRGDEF,8,1
KHH,3,1
KHNRGDEF,8,1
KHQGLPQEVLNENLL,15,1
KID,3,1
KII,3,1
KIIIYN,6,1
KILIYG,6,1
KIP,3,1
KKCNFFCKLKKKVKSVGSRNLIGSATHHHRIYRV,34,1
KKI,3,1
KKSKADLTEVTHK,13,1
KKY,3,1
KLSDW,5,1
KNGSIFNSPSATAATIIHGHNYSGLAYLDFVTSK,34,1
KNQDKTEIPT,10,1
KP,2,1
KPT,3,1
KPYVFRATGAL,11,1
KTFCGRH,7,1
KTK,3,1
KTKK,4,1
KVA,3,1
KVALMSAGSMH,11,1
KVEGDLK,7,1
KVI,3,1
KVL,3,1
KVLLLLL,7,1
KVLLLLNFPLLL,12,1
KVLPVPE,7,1
KVLPVPEK,8,1
KVLPVPQ,7,1
KVLPVPQK,8,1
KVR,3,1
KWE,3,1
KY,2,1
KYIPIQYVLS,10,1
KYL,3,1
KYP,3,1
KYY,3,1
LVKRP,6,1
LAC,3,1
LADGVAAPA,9,1
LAF,3,1
LAFNPTQLEGQCHV,14,1
LAGKPQQEHSGEHQ,14,1
LAGNGRSVGVEYV,13,1
LAGNPHQQQQN,11,1
LAL,3,1
LALPA,5,1
LAM,3,1
LAN,3,1
LANAK,5,1
LAPSLPGKPKPD,12,1
LAPSTIK,7,1
LAQGTFLQPHQ,11,1
LARL,4,1
LARNATPPR,9,1
LAYLQYTDFETR,12,1
LCPVHRAADL,10,1
LDA,3,1
LDI,3,1
LDIQK,5,1
LDIQKEV,7,1
LDK,3,1
LDQW,4,1
LDT,3,1
LDY,3,1
LDYE,4,1
LEDGLK,6,1
LEE,3,1
LEEAF,5,1
LEELEEELEGCE,12,1
LEI,3,1
LEK,3,1
LELHKLRSSHWFSRR,15,1
LELPLK,6,1
LEQQVDDLEGSLEQEKK,17,1
LER,3,1
LFADP,5,1
LFC,3,1
LFGW,4,1
LFPW,4,1
LFV,3,1
LFW,3,1
LFWSPSVYLK,10,1
LGF,3,1
LGFEY,5,1
LGFEYY,6,1
LGLNGDDVN,9,1
LGNTDYAVH,9,1
LGPVRGPFPI,10,1
LGTFQN,6,1
LGY,3,1
LH,2,1
LHA,3,1
LHALLL,6,1
LHD,3,1
LHDELT,6,1
LHE,3,1
LHF,3,1
LHFP,4,1
LHG,3,1
LHH,3,1
LHI,3,1
LHK,3,1
LHL,3,1
LHM,3,1
LHN,3,1
LHPH,4,1
LHQ,3,1
LHR,3,1
LHS,3,1
LHSMK,5,1
LHT,3,1
LHV,3,1
LHW,3,1
LHY,3,1
LIV,3,1
LK,2,1
LKA,3,1
LKKISQ,6,1
LKP,3,1
LKQELEDLLEKQE,13,1
LKYPI,5,1
LLA,3,1
LLAPPER,7,1
LLCVAV,6,1
LLD,3,1
LLF,3,1
LLFAMTKPK,9,1
LLGPGLTNHA,10,1
LLHH,4,1
LLL,3,1
LLLRL,5,1
LLLRW,5,1
LLNPT,5,1
LLPF,4,1
LLPH,4,1
LLPHH,5,1
LLPHHADADY,10,1
LLPHHH,6,1
LLPPWLCPRNK,11,1
LLQ,3,1
LLR,3,1
LLRSVGVPL,9,1
LLW,3,1
LLY,3,1
LMCH,4,1
LMGQW,5,1
LMRWMR,6,1
LMSYMWSTSM,10,1
LNALEPDNTVQSEAGTIETWNPK,23,1
LNE,3,1
LNGDVW,6,1
LNLPTAVYMVT,11,1
LNSGDALRVPSGTTYY,16,1
LPAGV,5,1
LPDEVSG,7,1
LPDWT,5,1
LPENAKVDQVK,11,1
LPF,3,1
LPGPILSSFPQ,11,1
LPHH,4,1
LPHSGY,6,1
LPILR,5,1
LPL,3,1
LPM,3,1
LPTSEAAKY,9,1
LPWRPATNVF,10,1
LPYPY,5,1
LPYY,4,1
LQAEQDDR,8,1
LQGM,4,1
LQGMP,5,1
LQK,3,1
LQL,3,1
LQPGQGQQ,8,1
LQPGQGQQG,9,1
LQSGDALRVPSGTTYY,16,1
LRENNKLMLLELK,13,1
LRGIKNYRVAVL,12,1
LRTLPM,6,1
LRV,3,1
LSF,3,1
LSGNK,5,1
LSGYGP,6,1
LSKAQSDFG,9,1
LSNGK,5,1
LSPGV,5,1
LSRVP,5,1
LSSLEMGSLGALFVCM,16,1
LSW,3,1
LT,2,1
LTADILPR,8,1
LTC,3,1
LTEIIP,6,1
LTEQESGVPVMK,12,1
LTSGSANATGSR,12,1
LTTLDS,6,1
LTTLDSE,7,1
LVDTGRGPIMY,11,1
LVEKGDVAFI,10,1
LVGDEQAVPAVCVP,14,1
LVL,3,1
LVMFLDNQHRVIRH,14,1
LVNPHDHQN,9,1
LVP,3,1
LVPK,4,1
LVR,3,1
LVSGM,5,1
LVSK,4,1
LVTGDDKTNLK,11,1
LVYIIQGR,8,1
LVYPFPGPIPN,11,1
LW,2,1
LWA,3,1
LWD,3,1
LWE,3,1
LWF,3,1
LWG,3,1
LWH,3,1
LWHTH,5,1
LWI,3,1
LWK,3,1
LWM,3,1
LWN,3,1
LWQ,3,1
LWR,3,1
LWS,3,1
LWT,3,1
LWV,3,1
LWW,3,1
LWY,3,1
LY,2,1
LYEGY,5,1
LYPY,4,1
LYY,3,1
LYYYH,5,1
MAA,3,1
MAAGTNLLDTK,11,1
MAPAAVAAAEAGSK,14,1
MAPKHEMPFPKYP,13,1
MAPKHKEMPFPKYPVQPF,18,1
MCYPAST,7,1
MDATALHYENQK,12,1
MDGAP,5,1
MEMK,4,1
MEN,3,1
MEPVW,5,1
MFAEWQPR,8,1
MFLG,4,1
MGSPT,5,1
MHH,3,1
MHI,3,1
MHIRL,5,1
MHQPPQPLPPTVMFPPQSVL,20,1
MILMR,5,1
MK,2,1
MKC,3,1
MKG,3,1
MKW,3,1
MLELDPLNNLPRM,13,1
MLKMLPFK,8,1
MLLFPM,6,1
MLRSIGIPARL,11,1
MM,2,1
MMGW,4,1
MN,2,1
MNDRVNQGE,9,1
MNGEKKKAPLGDE,13,1
MPACGS,6,1
MPACGSS,7,1
MPDAHL,6,1
MPFPKYPVQPF,11,1
MPVDVIANAYR,11,1
MPVHTDAD,8,1
MQFHT,5,1
MQIFVKTLTG,10,1
MRKPQQEEDDDDE,13,1
MSEGSGAADVEGPS,14,1
MTEEY,5,1
MVPYPQR,7,1
MWC,3,1
MWHP,4,1
MWKVW,5,1
MWL,3,1
MWTD,4,1
MY,2,1
MYGAVTPVK,9,1
MYPGLA,6,1
MYVVELMMSF,10,1
MYY,3,1
NADFGLNGLEGLA,13,1
NAGPFTPTVNR,11,1
NALEPDHRVESEGG,14,1
NANGELCPNNMCCSQWGYCGLGSEFCGNGCQSGACCPEK,39,1
NAPVSIPQ,8,1
NAVPITPTL,9,1
NEN,3,1
NFHPQ,5,1
NFWWP,5,1
NGE,3,1
NGLEGLK,7,1
NGPLLPSDEMDRA,13,1
NGPLQAGQPGER,12,1
NGRFY,5,1
NHAV,4,1
NHH,3,1
NHK,3,1
NHRYDR,6,1
NIPPLTQTPVVVPFLQPEVM,20,1
NIQFNEQKAL,10,1
NKGPR,5,1
NKV,3,1
NLNQCQRYM,9,1
NM,2,1
NMAVPDALAGPL,12,1
NMGPLLPQ,8,1
NP,2,1
NPADLPDAG,9,1
NPFMAP,6,1
NPPADLHK,8,1
NPT,3,1
NPYVPR,6,1
NQE,3,1
NQNGRFY,7,1
NRVYIHPFHLLVYS,14,1
NRYHE,5,1
NSA,3,1
NSKKTVD,7,1
NSSYFVEWIPNNVK,14,1
NTVPAKSCQAQPTTM,15,1
NVIDPPIYAR,10,1
NVNYVELLVAPNVDL,15,1
NVPGEIVE,8,1
NVPGEIVESL,10,1
NWDDMEK,7,1
NWDLKEVGGGALP,13,1
NWEKIR,6,1
NYKQM,5,1
NYPSD,5,1
NYVADGLG,8,1
NYY,3,1
PAEMVAAALDR,11,1
PAGLPGPA,8,1
PAGSAAGAAP,10,1
PAGY,4,1
PAPPPPPP,8,1
PAR,3,1
PAV,3,1
PC,2,1
PDLVF,5,1
PEG,3,1
PEILPDGDHD,10,1
PEL,3,1
PEQ,3,1
PEV,3,1
PEW,3,1
PFPEVFGKE,9,1
PFPGPLPN,8,1
PGAEGAPGRDGAAGPK,16,1
PGEKGSPGADGPIGAP,16,1
PGVPWP,6,1
PH,2,1
PHA,3,1
PHC,3,1
PHCKRM,6,1
PHD,3,1
PHE,3,1
PHF,3,1
PHG,3,1
PHH,3,1
PHHADS,6,1
PHI,3,1
PHK,3,1
PHL,3,1
PHM,3,1
PHN,3,1
PHQ,3,1
PHR,3,1
PHS,3,1
PHT,3,1
PHV,3,1
PHW,3,1
PHY,3,1
PHYL,4,1
PIAAEVYEHTEGSTTSY,17,1
PIGSENS,7,1
PK,2,1
PKAV,4,1
PKAVHE,6,1
PKLPPVKK,8,1
PKYPVEPF,8,1
PLAQPA,6,1
PLFQNKLAHAK,11,1
PLGG,4,1
PLHH,4,1
PLMW,4,1
PLPLHMLP,8,1
PLPPHMLP,8,1
PLR,3,1
PMDYMVT,7,1
PMH,3,1
PMRGGGGGYHY,11,1
PNRPQF,6,1
PP,2,1
PPFH,4,1
PPGPGPGPPPPPGAAGRGGGG,21,1
PPHMLP,6,1
PPK,3,1
PPMHLP,6,1
PPQ,3,1
PQFYW,5,1
PQGPIGVP,8,1
PQIPEQF,7,1
PR,2,1
PSDHDHE,7,1
PSHDAHPE,8,1
PSIPA,5,1
PSIVGRP,7,1
PSKYEPFV,8,1
PSLPA,5,1
PSLVGRPPVGKLTL,14,1
PSYV,4,1
PTGPNNGLSY,10,1
PTP,3,1
PTQ,3,1
PTTAPSATIN,10,1
PVDENDEG,8,1
PVLGPVRGPFPI,12,1
PVMGA,5,1
PVRGLHP,7,1
PVSHDHAPEY,10,1
PW,2,1
PWA,3,1
PWD,3,1
PWE,3,1
PWF,3,1
PWG,3,1
PWH,3,1
PWI,3,1
PWKGWRGRS,10,1
PWL,3,1
PWN,3,1
PWQ,3,1
PWR,3,1
PWS,3,1
PWT,3,1
PWV,3,1
PWW,3,1
PWY,3,1
PY,2,1
PYFNK,5,1
PYK,3,1
PYPQ,4,1
PYSFK,5,1
PYVRYL,6,1
PYY,3,1
QAC,3,1
QAEP,4,1
QAGTGAGAGGGAGTKTSS,18,1
QAL,3,1
QAY,3,1
QCH,3,1
QCL,3,1
QDAHVPDNFIPK,12,1
QDGFQGAH,8,1
QDHKA,5,1
QEAE,4,1
QEP,3,1
QEPVLGPVRGPFPI,14,1
QEPVLGPVRGPFPIIV,16,1
QEPVLGPVRGPFPILV,16,1
QETTGVEGPKGDT,13,1
QFAAD,5,1
QFAW,4,1
QFLLAGR,7,1
QGAR,4,1
QGLQGLPGT,9,1
QGPIGPR,7,1
QGPIVLNPWDQVKR,14,1
QGPPGPAGPA,10,1
QHH,3,1
QIESW,5,1
QIGLF,5,1
QITEGEDGGG,10,1
QKK,3,1
QKPFPQQPPF,10,1
QKV,3,1
QKW,3,1
QL,2,1
QLADVSPAAFLTQQQLLPFYLHAM,24,1
QLE,3,1
QLGNLGV,7,1
QNGRFY,6,1
QNIFSGFSTELLS,13,1
QNWDFCEAWEPCF,13,1
QPSSVDSQTAM,11,1
QQFQQSGQAQLTE,13,1
QQPVLGPVRGPFP,13,1
QQPVLGPVRGPFPIIV,16,1
QQQTED,6,1
QQRQQQGL,8,1
QRNNPY,6,1
QSA,3,1
QSL,3,1
QTDSHGNDRLLLT,13,1
QTFQYSRGWTN,11,1
QTM,3,1
QTPRY,5,1
QTVAVGVIK,9,1
QVVPYPQ,7,1
QVVRSDQGSVR,11,1
QWDRQ,5,1
QWFH,4,1
QWPAQ,5,1
QYDQGV,6,1
QYP,3,1
QYVLSRYPSYGLN,13,1
QYY,3,1
RADHP,5,1
RADHPF,6,1
RADHPFL,7,1
RASDPLLSV,9,1
RCMAFLLSDGAAAAQQLLPQYW,22,1
RDILNQ,6,1
RDKVYR,6,1
RDMPIQ,6,1
RDMPIQAFLL,10,1
RDRHQKIG,8,1
RDY,3,1
REGAAPGAA,9,1
RELEEL,6,1
RENIDKPSRA,10,1
REPKW,5,1
RFIYMKGFGKPRFGKR,16,1
RGGY,4,1
RGLSK,5,1
RGQVIYVL,8,1
RGWYE,5,1
RGY,3,1
RHA,3,1
RHD,3,1
RHE,3,1
RHF,3,1
RHG,3,1
RHH,3,1
RHI,3,1
RHK,3,1
RHL,3,1
RHM,3,1
RHN,3,1
RHPHP,5,1
RHPHPHLSFM,10,1
RHQ,3,1
RHR,3,1
RHS,3,1
RHT,3,1
RHV,3,1
RHW,3,1
RHY,3,1
RILTMTKRVKMPQLYKQIVCRLFKTC,26,1
RINK,4,1
RIY,3,1
RLKKY,5,1
RLS,3,1
RLSLPAGAPVTVAVSP,16,1
RNDDLNYIQ,9,1
RNF,3,1
RNR,3,1
RPDFDLEPPY,10,1
RPEELGPNK,9,1
RPNYTDA,7,1
RPSYT,5,1
RQSHFANAQP,10,1
RTP,3,1
RVPSLM,6,1
RVQVVNNNGK,10,1
RVY,3,1
RW,2,1
RWA,3,1
RWAEK,5,1
RWE,3,1
RWG,3,1
RWH,3,1
RWI,3,1
RWL,3,1
RWN,3,1
RWQ,3,1
RWR,3,1
RWT,3,1
RWW,3,1
RWWQLR,6,1
RWY,3,1
RY,2,1
RYL,3,1
RYLG,4,1
RYLGY,5,1
RYLGYLE,7,1
RYPS,4,1
RYQ,3,1
RYQKF,5,1
RYY,3,1
SAE,3,1
SAEHGSLH,8,1
SAGNPN,6,1
SALAM,5,1
SALLRSIPA,9,1
SAP,3,1
SATTAIYMNALL,12,1
SCQDQPTTLAR,11,1
SDAAVDTSSEITTKDLKEKKEVVEEAEN,28,1
SDF,3,1
SDGFQF,6,1
SDI,3,1
SDITRPGGNM,10,1
SDPPLVFVG,9,1
SDRDLLGPNNQYLPK,15,1
SDWDRF,6,1
SDYLNNNPLFPRYDIGNVELSTAYRSFANQKAPGRLNQNWALTADYTYR,49,1
SEALGVSSQVARQ,13,1
SEGFEW,6,1
SFLGP,5,1
SFN,3,1
SFYPDY,6,1
SGAF,4,1
SGDNLRFP,8,1
SGE,3,1
SGGSYADELVSTAK,14,1
SGGY,4,1
SGLPGPIGPPGPR,13,1
SGP,3,1
SGPAGIAGPAGPRGPAGPNGPPGKD,25,1
SGYYMH,6,1
SHDAHPE,7,1
SHGGPFH,7,1
SHH,3,1
SHNPF,5,1
SIITMTKEAKLPQLWKQIACRLYNTC,26,1
SKKGL,5,1
SKVLPVPQKAVPYPQ,15,1
SLA,3,1
SLFSLIKAGAKFLGKNMLKQGPQYPACKVSKDSENVNWKS,40,1
SLGGEMKQTAK,11,1
SLHFME,6,1
SLL,3,1
SLPQNIPP,8,1
SLPQNIPPLTQTPVVVPFLQPEVM,24,1
SLVNNDDRDS,10,1
SLVYPFPGPIPN,12,1
SMLGDGTLPPDLA,13,1
SMRKPPG,7,1
SNAAC,5,1
SNLCRPCG,8,1
SPFLQSAAFQLRN,13,1
SPFWNINAHS,10,1
SPPEINTVQ,9,1
SPW,3,1
SPYCYG,6,1
SQSKVLPVPQKAVPYPQ,17,1
SQW,3,1
SRGLPGME,8,1
SRYPS,5,1
SSAPGGGRP,9,1
SSC,3,1
SSDEEVREEKELDLSSNE,18,1
SSGFTMQ,7,1
SSGFTY,6,1
SSHWSS,6,1
SSMKLSFRARAYGFRGPGPQL,21,1
SSYPGQLT,8,1
STMMEERRMKVY,12,1
STW,3,1
SV,2,1
SVDGKEDLIW,10,1
SVDSQTAF,8,1
SVEIQALCDM,10,1
SVL,3,1
SVLGTGC,7,1
SVMPVVA,7,1
SVNVPL,6,1
SVPQPK,6,1
SVW,3,1
SVYT,4,1
SWMHQPHQPLPPT,13,1
SWN,3,1
SY,2,1
SYPTECRCR,9,1
SYPTECRMR,9,1
SYY,3,1
TA,2,1
TAAIVNTA,8,1
TAGTGGGQFQPMR,13,1
TCG,3,1
TCSP,4,1
TDAPSFSDIPNPIGSENSGK,20,1
TDRHQKLR,8,1
TDY,3,1
TEAPLNPK,8,1
TEFHLL,6,1
TEFTK,5,1
TERGY,5,1
TETWNPNHPEL,11,1
TEVWDSNEQ,9,1
TF,2,1
TFD,3,1
TFE,3,1
TGC,3,1
TGGGNV,6,1
TGIIT,5,1
THH,3,1
TIASGEP,7,1
TIDMESTEVFTKK,13,1
TIIPLPV,7,1
TIL,3,1
TKI,3,1
TKMDEGVVTKK,11,1
TMAEYHHQDQ,10,1
TMFPSA,6,1
TMK,3,1
TNGIIR,6,1
TPCPPQ,6,1
TPE,3,1
TPEVDDEALKE,11,1
TPSPR,5,1
TQL,3,1
TQT,3,1
TQTPVVVPPFLQPE,14,1
TQTVCNFTDGALVQHQEWDGK,21,1
TRHNIGFAAVDALARAWNISLA,22,1
TRTGDPFF,8,1
TSKT,4,1
TSLDLPVLRW,10,1
TSNLLT,6,1
TSQLLSDQ,8,1
TSTA,4,1
TSVEIITSSK,10,1
TTAGILLPEK,10,1
TTTAATS,7,1
TTYY,4,1
TVFDGELR,8,1
TVGGAPAGRIVME,13,1
TVM,3,1
TVQVT,5,1
TVQVTST,7,1
TVQVTSTAV,9,1
TVTSLDLPVLRW,12,1
TVVPPKGGSFYPGETTP,17,1
TVVPPKGGSFYPGETTPLQQ,20,1
TVYQ,4,1
TW,2,1
TWKVV,5,1
TWY,3,1
TWYFITPYIPDK,12,1
TY,2,1
TYQTF,5,1
TYY,3,1
VAG,3,1
VAGTWY,6,1
VAITLTMK,8,1
VALDGGL,7,1
VAMVPPFET,9,1
VAPEEHPV,8,1
VAPFPEVF,8,1
VAPFPGVFGK,10,1
VAPFPQ,6,1
VAPFPQPVVPYPQR,14,1
VAVDKHDYEPLGHSDIGVY,19,1
VAW,3,1
VAWRNRCKGTD,11,1
VC,2,1
VCDADPSSPVPEA,13,1
VCSV,4,1
VDD,3,1
VDHDHPE,7,1
VDTR,4,1
VDYP,4,1
VE,2,1
VECYGPNRPQF,11,1
VEE,3,1
VEEPPKEE,8,1
VEEPPKEEKNPK,12,1
VEGNLQVLRPR,11,1
VEIPHD,6,1
VEP,3,1
VETGVIKPGM,10,1
VEVGGGARAP,10,1
VFD,3,1
VFGKEKVNEL,10,1
VFK,3,1
VFL,3,1
VFPW,4,1
VFVDEGLEVLGWRPVPFNVSVVGRNAK,27,1
VGAPSVS,7,1
VGDI,4,1
VGGDGDV,7,1
VGGIDEVIAK,10,1
VGGRP,5,1
VGINYWLAHK,10,1
VGPLSPT,7,1
VGPWQK,6,1
VHDY,4,1
VHH,3,1
VHHANEN,7,1
VHLKP,5,1
VIAPW,5,1
VIEPR,5,1
VIESPPEIN,9,1
VIESPPEINTVQ,12,1
VIPAGYP,7,1
VIPFLACRPLGL,12,1
VIPMGL,6,1
VIYVVDLR,8,1
VKAGFAWTANQQLS,14,1
VKCFR,5,1
VKEAMAPK,8,1
VKEAMPK,7,1
VKELY,5,1
VKL,3,1
VKP,3,1
VKRP,4,1
VKRRGQDCIHGFCSD,15,1
VKV,3,1
VKVLLEHPVL,10,1
VLD,3,1
VLDTGLAGA,9,1
VLEANPRSF,9,1
VLEESKGAPKPN,12,1
VLLHLK,6,1
VLLPDEVSGL,10,1
VLNPWDQVKR,10,1
VLNSNAAPLPN,11,1
VLPIPQ,6,1
VLPPQQQY,8,1
VLPVP,5,1
VLPVPEK,7,1
VLPVPQK,7,1
VLPVPQKKVLPVPQK,15,1
VLSLSQSKVLPVPQK,15,1
VLSLSQSKVLPVPQKAVPYPQRDMPIQA,28,1
VLSPPFTGE,9,1
VLSRYPS,7,1
VLSTSFPPK,9,1
VLV,3,1
VLVPK,5,1
VLVSGSIHYPR,11,1
VLWEE,5,1
VLYEE,5,1
VMTVHNTPY,9,1
VNP,3,1
VNPESQQGSPR,11,1
VNPHDHQN,8,1
VPKNYFHDIV,10,1
VPKVK,5,1
VPLSPT,6,1
VPNSYP,6,1
VPP,3,1
VPPSKLSP,8,1
VPSGK,5,1
VPSIDDQEELM,11,1
VPVTST,6,1
VPW,3,1
VPYPQ,5,1
VPYPQR,6,1
VQVTSTAV,8,1
VRT,3,1
VSKSVLVK,8,1
VSLPEW,6,1
VSPHLP,6,1
VSYT,4,1
VTAGLVGGGAGK,12,1
VTGRFAGHPAAQ,12,1
VTQ,3,1
VTSLDLPVLRW,11,1
VVALALI,7,1
VVFVDRL,7,1
VVGGDGDV,8,1
VVH,3,1
VVHN,5,1
VVKL,4,1
VVLY,4,1
VVLYR,5,1
VVPPFLQPE,9,1
VVSNFGKTVFDGVL,14,1
VVVNIPPTLK,10,1
VVVVPH,6,1
VVYFDQTQAQA,11,1
VW,2,1
VY,2,1
VYPFPGPIPN,10,1
VYPFPGPLPN,10,1
VYV,3,1
VYY,3,1
WAAWGIS,8,1
WAF,3,1
WAFAPA,6,1
WAFS,4,1
WALKGYK,7,1
WCTSVS,6,1
WDDMEK,6,1
WDHHAPQLR,9,1
WDR,3,1
WDTRGQ,6,1
WDVK,4,1
WEEPAM,6,1
WEGPK,5,1
WEIKPSSLTGKSPYFSNNHGKL,22,1
WEN,3,1
WG,2,1
WGLETAGSVVLLDLQ,15,1
WGN,3,1
WHH,3,1
WHKNCFRCAKCGKSL,15,1
WHNVSGSP,8,1
WIHNENQGF,9,1
WIQP,4,1
WIR,3,1
WIRGCRL,7,1
WISELG,6,1
WISELGW,7,1
WL,2,1
WLLYLDGPPMGLT,13,1
WLMSA,5,1
WLP,3,1
WMHQPPQPLPPTVMFPPQSVL,21,1
WNIP,4,1
WNMNAH,6,1
WP,2,1
WPGDL,5,1
WPL,3,1
WPP,3,1
WPRGYFL,7,1
WRNRCKGTD,9,1
WSRRGEREEEDERRR,15,1
WSRRGEREEEDERRRHGGEGGRPYHLGEES,30,1
WSVPQPK,7,1
WSVWEQELEDR,11,1
WSY,3,1
WV,2,1
WVAPLK,6,1
WVRQAPGKGL,10,1
WVSPLAGRT,9,1
WVWWW,5,1
WVYY,4,1
WWRGAWKGCIS,12,1
WY,2,1
WYGPD,5,1
WYQQVPGSGL,10,1
WYS,3,1
WYSL,4,1
WYSLA,5,1
WYSLAM,6,1
WYSLAMA,7,1
WYSLAMAASDI,11,1
WYT,3,1
WYY,3,1
YA,2,1
YAEERYPIL,9,1
YAKP,4,1
YAKPA,5,1
YASVV,5,1
YAVT,4,1
YAY,3,1
YCY,3,1
YDDGSYKPH,9,1
YDTQA,5,1
YDY,3,1
YEA,3,1
YEADARSFHDLAEHDIRV,18,1
YEDCTDCGN,9,1
YEGS,4,1
YETGNGIK,8,1
YEWEPTVPNFDVAKDVTDM,19,1
YEY,3,1
YF,2,1
YFE,3,1
YFLWP,5,1
YFPTQALNFAFK,12,1
YFPVGGDRPESF,12,1
YFY,3,1
YFYP,4,1
YFYPEL,6,1
YFYPKDFTPGCT,12,1
YFYPQL,6,1
YGFL,4,1
YGFLP,5,1
YGG,3,1
YGGFL,5,1
YGGFM,5,1
YGGVSLPEW,9,1
YGIKVGYAIP,10,1
YGKHVAVHAR,10,1
YGKPVAVPAR,10,1
YGL,3,1
YGLF,4,1
YGLN,4,1
YGNWLYK,7,1
YGVSGYPTLK,10,1
YGY,3,1
YGYTGA,6,1
YHH,3,1
YHY,3,1
YIEAVNKVSPRAGQF,15,1
YINQMPQKSRE,11,1
YINQMPQKSREA,12,1
YIPIQY,6,1
YIPIQYVLSR,10,1
YIQKEDVPSER,11,1
YIY,3,1
YKK,3,1
YKY,3,1
YL,2,1
YLAGKPQQEH,10,1
YLAGMN,6,1
YLAGNQEQE,9,1
YLG,3,1
YLGAK,5,1
YLGY,4,1
YLGYLE,6,1
YLGYLEQLLR,10,1
YLKT,4,1
YLL,3,1
YLLF,4,1
YLLLK,5,1
YLMSR,5,1
YLY,3,1
YLYP,4,1
YMVSAIWG,8,1
YMY,3,1
YNI,3,1
YNILSGFDTEL,11,1
YNL,3,1
YNY,3,1
YP,2,1
YPEL,4,1
YPELF,5,1
YPFPGPI,7,1
YPFPGPIHNS,10,1
YPFPGPIN,8,1
YPFPGPIP,8,1
YPFPGPIPN,9,1
YPFVE,5,1
YPFVEP,6,1
YPFVVN,6,1
YPGQLT,6,1
YPI,3,1
YPIL,4,1
YPKLAPNE,8,1
YPLDL,5,1
YPLDLF,6,1
YPPAK,5,1
YPQ,3,1
YPQLLPNE,8,1
YPSPV,5,1
YPVEPF,6,1
YPW,3,1
YPWT,4,1
YPYY,4,1
YQ,2,1
YQEP,4,1
YQEPVLGP,8,1
YQEPVLGPVR,10,1
YQEPVLGPVRGPFPI,15,1
YQEPVLGPVRGPFPIIV,17,1
YQETSSSSSQ,10,1
YQETSSSSSQE,11,1
YQETSSSSSQEQ,12,1
YQGPIVLNPWDQVK,14,1
YQGPIVLNPWDQVKR,15,1
YQIGL,5,1
YQK,3,1
YQKF,4,1
YQKFP,5,1
YQKFPQY,7,1
YQL,3,1
YQLD,4,1
YQQND,5,1
YQQPVLGPVRGPFPII,16,1
YQQPVLGPVRGPFPIIV,17,1
YQY,3,1
YRGGLEPINF,10,1
YRPPGFSPFR,10,1
YRY,3,1
YSEEQQPSTR,10,1
YSEMPPGK,8,1
YSK,3,1
YSL,3,1
YSNQNGRF,8,1
YSQ,3,1
YSTA,4,1
YSY,3,1
YTVVP,5,1
YTY,3,1
YVAQGEGVVA,10,1
YVE,3,1
YVEEL,5,1
YVEELKPTPEGDL,13,1
YVGD,4,1
YVHPFHL,7,1
YVL,3,1
YVM,3,1
YVNDAATLLPR,11,1
YVPR,4,1
YVY,3,1
YWDAW,5,1
YWDHNNPQIR,10,1
YWVTSGPK,8,1
YWY,3,1
YY,2,1
YYA,3,1
YYC,3,1
YYD,3,1
YYDPL,5,1
YYE,3,1
YYF,3,1
YYG,3,1
YYH,3,1
YYI,3,1
YYIVS,5,1
YYK,3,1
YYL,3,1
YYM,3,1
YYN,3,1
YYQ,3,1
YYQQKPV,7,1
YYR,3,1
YYS,3,1
YYT,3,1
YYV,3,1
YYW,3,1
YYY,3,1
